title,description,filename,type,tags,filepath
Unveiling the AI-Filled Secrets of Netflix's Latest Shockers,"Dive into a world where AI meets shocking cinema, and your perceptions are forever altered. Are you ready for a mind-bending journey?",10_Shocking_Netflix_Movies_That_Will_Open_Your_Eyes_About_AI_and.jpg,image,"AI, Netflix, Shock, Cinema",10_Shocking_Netflix_Movies_That_Will_Open_Your_Eyes_About_AI_and.jpg
"""5 Years Together:A Journey of Love and Laughter""","""Uncover the hilarious, heartwarming moments that have made 'After 5 Years of Marriage' a tale of joy and togethernesis.""",After_5_years_of_marriage.mp4,video,"love, journey, humor, anniversary",After_5_years_of_marriage.mp4
Can You Decode the Secret Language of Animals?,Unravel the enigmatic world of animal tweets with this wild adventure into the lives of the most expressive creatures.,amazinganiamals_tweet_1919451301378703824.mp4,video,"Animals, Twitter, Mystery, Adventure",amazinganiamals_tweet_1919451301378703824.mp4
Unraveling the Mystery of Teaching:A Journey Beyond Shame and Awkwardness,"Dive into the whimsical world of education where no subject is too dull, and every lesson is a step towards enlightenment. Join us as we explore the art of teaching with a dash of humor and a sprinkle of intrigue.","And_THIS_is_why_he_teaches_this_class_No_shame,_no_awkwardness,_all.mp4",video,"Education, Humor, Mystery, Enlightenment","And_THIS_is_why_he_teaches_this_class_No_shame,_no_awkwardness,_all.mp4"
"Are You My Daddy, Love? Rosie's Heartfelt Quest","In a 2014 rom-com twist, Rosie embarks on a hilarious, heartwarming journey to uncover her paternal lineage, all while navigating the quirks of love and family.",Are_you_my_daddyLove_Rosie_(2014).mp4,video,"Romance, Family, Comedy, Mystery",Are_you_my_daddyLove_Rosie_(2014).mp4
Can You Jump Higher Than a Curious Kid?,Dive into a whimsical tale of a kid's astonishing leap and the unexpected lessons it teaches us about ambition and perspective.,At_first_I_was_like_“_that_kid_can_jump_“.mp4,video,"Adventure, Humor, Inspiration, Youth",At_first_I_was_like_“_that_kid_can_jump_“.mp4
How Does a Man in China Count Money in a Way That's Unusually Interesting?,Uncover the quirky and humorous methods of Chinese money counting that'll make you rethink your own cash handling habits.,A_man_in_China_has_an_interesting_way_of_counting_money.mp4,video,"Chinese, Money, Humor, Unusual",A_man_in_China_has_an_interesting_way_of_counting_money.mp4
Can Bald Folks Really Love Different Hairstyles?,Explore the surprising world of bald hair trends and the joy of hairstyle diversity.,Bald_people_can_enjoy_various_hairstyles.mp4,video,"Bald, Hairstyles, Trends, Humor",Bald_people_can_enjoy_various_hairstyles.mp4
Just Released:HuggingFace's Latest Free AI Mastery Courses!,Unlock the secrets of AI with HuggingFace'atively free courses. Are you ready to level up your AI skills?,BREAKING_HuggingFace_just_dropped_9_free_courses_to_level_up_your_AI.jpg,image,"AI, HuggingFace, Courses, Free",BREAKING_HuggingFace_just_dropped_9_free_courses_to_level_up_your_AI.jpg
Can Bro Fell in Love Instantly?,"A hilarious tale of love at first sight, or is it just a case of Bro's instant infatuation gone viral?",Bro_fell_in_love_immediately.mp4,video,"Love, Instant, Romance, Humor",Bro_fell_in_love_immediately.mp4
"Can You Guess the Secret Behind ""Bro_LOL""?",Unravel the hilarious mystery of a meme-loving duo's latest viral sensation.,Bro_LOL.mp4,video,"Meme, Mystery, Humor, Viral",Bro_LOL.mp4
"Can You Unravel the Mystery of ""Bruh""?","A whimsical journey into the heart of a name that's more than meets the eye, filled with laughter and a dash of intrigue.",Bruh.mp4,video,"Mystery, Whimsical, Laughter, Intrigue",Bruh.mp4
"Can You Turn It Up, Scottish Kid?","A hilarious tale of a kid's wild night of crying out for more fun, with a twist you won't see coming.",Cryin!_Wait_for_the_Scottish_kid!Turn_it_up!.mp4,video,"Scottish, Crying, Adventure, Humor",Cryin!_Wait_for_the_Scottish_kid!Turn_it_up!.mp4
Can Durex Prevent Unwanted Pregnancies?,Join the quest to uncover the secret behind Durex's latest innovation in family planning - a game that's as funny as it is enlightening!,Durex_upgraded_their_preventing_unwanted_pregnancy_game.mp4,video,"FamilyPlanning, Humor, Innovation, Game",Durex_upgraded_their_preventing_unwanted_pregnancy_game.mp4
Unveiling Elon Musk's Latest Social Media Revelation,"Dive into the enigmatic world of tech mogul Elon Musk's newest tweet, a cryptic message that's got everyone guessing - is it a secret code or just another quirky quip?",elonmusk_tweet_1918837594584129797.jpg,image,"Elon, Musk, Tweet, Mystery",elonmusk_tweet_1918837594584129797.jpg
"Is ""Everything is a Trap"" a Life-Changing Revelation?","Unravel the enigma of existence in this mind-bending, laugh-out-loud journey where every turn is a potential pitfall.",Everything_is_a_trap.mp4,video,"Mystery, Humor, Revelation, Life-Changing",Everything_is_a_trap.mp4
Could We Be the Next Big Thing?,"A hilarious journey of guesswork and giggles as we unravel the mystery behind ""Fellas,_we_might_have_a_winner_here.""","Fellas,_we_might_have_a_winner_here.mp4",video,"Mystery, Humor, Guesswork, Unveiling","Fellas,_we_might_have_a_winner_here.mp4"
Unveiling the Secret to Raising Responsible Kids,Ever wondered how to turn your child into a mini-superhero of responsibility? Discover the untold power of good parenting in this hilariously mysterious guide.,Good_way_to_instill_a_sense_of_duty_and_responsibility_in_your_child.mp4,video,"Parenting, Responsibility, Superhero, Guide",Good_way_to_instill_a_sense_of_duty_and_responsibility_in_your_child.mp4
"Can You Guess the Secret Behind ""Hahaha_Hahaha""?",Unravel the laughter-filled mystery of a name that's a double dose of hilarity.,Hahaha_Hahaha.mp4,video,"Humor, Mystery, Laughter, Secret",Hahaha_Hahaha.mp4
Did He Really Close the Window After Leaving?,A whimsical tale of a window closure that left everyone guessing - was it a farewell gesture or a quirky habit?,he_closed_the_window_after_getting_out.mp4,video,"Mystery, Whimsy, Farewell, Quirk",he_closed_the_window_after_getting_out.mp4
Can He Really Fly with His Car?,Discover the hilarious tale of a man's wild attempt at aerodynamics with his trusty vehicle.,He_literally_flew_with_his_car!.mp4,video,"humor, adventure, misadventure, innovation",He_literally_flew_with_his_car!.mp4
Is He The World's Richest Man?,"Discover the secret to his unparalleled wealth, or is it just a tale of extravagant living?",He’s_the_richest_man_in_the_world.mp4,video,"Richest, Mystery, Wealth, Secrets",He’s_the_richest_man_in_the_world.mp4
Can introverts greet strangers to keep them at bay?,A hilarious exploration of introverts' secret strategies to maintain peaceful solitude.,How_introverts_greet_strangers_so_they’ll_leave_them_alone.mp4,video,"introverts, greeting, strategy, mystery",How_introverts_greet_strangers_so_they’ll_leave_them_alone.mp4
Can He Really Hit the High Notes?,"A comical journey into the world of high notes, where the pitches are as high as the stakes!",How_is_he_hitting_the_high_notes.mp4,video,"Comedy, Music, Mystery, Humor",How_is_he_hitting_the_high_notes.mp4
Who Told Me the Story of How I Met Your Mother?,"Unravel the whimsical tale of a group of friends and their wild adventures in the quest for love, with a comedic twist and a heartwarming ending.",How_I_met_your_mother.mp4,video,"Comedy, Romance, Friends, Adventure",How_I_met_your_mother.mp4
Can You Unravel the Mystery of the Prankster'inious Invitation?,"A playful riddle wrapped in a digital enigma, teasing a prank that's both clever and harmless.","If_anyone_wants_to_prank_me_like_this,_I_won’t_be_mad.mp4",video,"Prank, Mystery, Invitation, Humor","If_anyone_wants_to_prank_me_like_this,_I_won’t_be_mad.mp4"
Could Rose's Snapchat Story Be a Recipe for Romance?,Imagine a world where love and social media collide in a whimsical tale of snapshotted affections.,If_Rose_had_a_snapchat_account.mp4,video,"romance, socialmedia, whimsical, storytelling",If_Rose_had_a_snapchat_account.mp4
Is the Elephant Really Necessary?,"Discover the absurdity of life'Hinting at a humorous take on the phrase, this title and description suggest a story or content that pokes fun at the over-the-top or unnecessary aspects of life, possibly in a light-hearted or satirical manner.",Is_the_elephant_level_really_necessary.mp4,video,"Humor, Satire, Absurdity, Reflection",Is_the_elephant_level_really_necessary.mp4
Did I Just Stumble Upon My Own Unexpected Masterpiece?,A whimsical tale of self-discovery and the unexpected artistry in everyday mishaps.,I_didn't_expect_that.mp4,video,"Whimsical, Self-Discovery, Unexpected, Masterpiece",I_didn't_expect_that.mp4
Can You Answer My Curious Inquiry?,Ever pondered the mysteries of the universe in a single question? Let's unravel the enigma together!,I_have_just_one_questionwhy.mp4,video,"Inquiry, Mystery, Curiosity, Universe",I_have_just_one_questionwhy.mp4
Can Life Be as Hilarious as a Movie Scene?,Explore the absurdity of life's moments that rival cinema's best laughs in this quirky journey.,I_thought_that_shit_only_worked_in_films.mp4,video,"Humor, Life, Absurdity, Quirky",I_thought_that_shit_only_worked_in_films.mp4
Will Ladies Ever Discover This Unspoken Emotion?,A hilariously candid exploration of feelings that might just leave you chuckling and pondering.,Ladies_will_never_know_this_feeling.mp4,video,"Emotion, Humor, Discovery, Unspoken",Ladies_will_never_know_this_feeling.mp4
Unraveling the Mystery of the Enigmatic Tweet,"Dive into the whimsical world of a tweet that's as cryptic as a cat's purr, leaving you pondering its hidden message.",litteralyme0__tweet_1919463492538576900.mp4,video,"Mystery, Whimsical, Cryptic, Pondering",litteralyme0__tweet_1919463492538576900.mp4
Can You Unravel the Mystery of Magic_trick?,Dive into a world of wonder and whimsy with this enchanting guide to the most bewitching magic tricks ever!,Magic_trick.mp4,video,"Magic, Trick, Enchanting, Guide",Magic_trick.mp4
Can You Decode the Secret of ManMilk2's Tweet?,"Unravel the enigma of a 19th-century tweet from a milk-loving man, or is it a modern-day jest?",ManMilk2_tweet_1918591360136781978.jpg,image,"Mystery, Tweet, ManMilk2, Enigma",ManMilk2_tweet_1918591360136781978.jpg
Can Man Pierce Little Girls' Ears Without Feeling It?,A hilariously mysterious tale of a man's unnoticed ear-piercing escapade with a child.,Man_pierces_little_girls_ears_without_her_even_feeling_it.mp4,video,"Mystery, Humor, Intrigue, Unexpected",Man_pierces_little_girls_ears_without_her_even_feeling_it.mp4
Unveiling the Secrets of the Men's Corner:A Tweet That Caught Everyone'Hinting at a Hidden Message,Dive into the enigmatic world of men's fashion as a cryptic tweet from the Men's Corner leaves us pondering - what's the story behind this viral sensation?,Mens_Corner__tweet_1918802797681656098.mp4,video,"Men's Fashion, Mystery, Viral, Tweet",Mens_Corner__tweet_1918802797681656098.mp4
Can Mothers Really Join From the Back Seat?,Join us for a hilarious journey as we uncover the secret life of mothers in the back seat!,Mother_also_joins_from_back_seat.mp4,video,"Humor, Mystery, Family, Adventure",Mother_also_joins_from_back_seat.mp4
Is This the Most Hilarious Violation Ever?,"A comical tale of a rule-breaking adventure that left everyone in stitches, proving that sometimes, the best lessons come from the funniest failures.",Nah_this_one_was_a_violation.mp4,video,"Humor, Misadventure, Comedy, Learning",Nah_this_one_was_a_violation.mp4
Can Nothing Compete with the Allure of Bathroom Romance?,Dive into the steamy world of unexpected love where the only witnesses are the tiles and the toilet paper.,Nothing_beats_bathroom_romance.mp4,video,"Romance, Bathroom, Surprise, Allure",Nothing_beats_bathroom_romance.mp4
Can a Robot Replace a Wife?,"In a world where AI marries the mundane, a robot promises a new kind of companionship.",No_way!!_A_robot_instead_of_a_wife.mp4,video,"Robot, Marriage, AI, Companionship",No_way!!_A_robot_instead_of_a_wife.mp4
"Can ""No Way"" Be the Key to Unlocking a Hidden World?","Embark on a whimsical journey where ""No Way"" is the only guide, leading to a realm of laughter and enigmatic wonders.",no_way.mp4,video,"Adventure, Mystery, Humor, Discovery",no_way.mp4
Just Opened:Nvidia's Parakeet TDT - Unveiling the Best Speech Experience,"Dive into the world of AI-driven chatter with Nvidia'rendered Parakeet TDT, the latest in tech-talk that's as funny as it is futuristic.",Nvidia_just_open_sourced_Parakeet_TDT_06B_-_the_BEST_Speech.jpg,image,"AI, Parakeet, TDT, Speech",Nvidia_just_open_sourced_Parakeet_TDT_06B_-_the_BEST_Speech.jpg
Can You Pet the Mysterious Spot Cats Love?,Uncover the secret of cats' favorite spots with a playful twist on cleaning rituals.,Petting_the_spot_the_cat_just_cleanedWatch_until_the_end.mp4,video,"Cats, Mystery, Cleaning, Spot",Petting_the_spot_the_cat_just_cleanedWatch_until_the_end.mp4
Can You Catch the Car That's Playing Pranks on Google Maps?,A whimsical adventure unfolds as a mischievous car leads explorers on a wild goose chase across the digital streets of Google Maps.,Pranking_The_Google_maps_car!.mp4,video,"Pranking, Adventure, Mystery, Google Maps",Pranking_The_Google_maps_car!.mp4
"Is ""Real"" the Ultimate Reality Check?","Dive into the enigma of authenticity with ""Real"" - a saga of truths, lies, and the quest for genuine experiences.",Real.mp4,video,"Authenticity, Reality, Enigma, Truth",Real.mp4
Are You Ready for a Night of Relief and Horror?,Dive into a thrilling tale where laughter meets screams in a dance of delightful dread.,Relief_Horror.mp4,video,"Horror, Comedy, Mystery, Thriller",Relief_Horror.mp4
Unraveling the Enigma of the Tweet from the Past,Dive into a humorous journey as we decode the cryptic message from a tweet that's older than your grandma's secret recipe!,s8n_tweet_1918500851703824510.jpg,image,"Mystery, Humor, Decoding, SocialMedia",s8n_tweet_1918500851703824510.jpg
Unveiling the Enigma of Sagicidal's Tweeted Secrets,"Dive into the cryptic world of Sagicidal'tip, where every tweet is a riddle wrapped in mystery. Discover the hidden messages behind the numbers!",sagicidal_tweet_1918300577249001727.mp4,video,"Mystery, Cryptic, Riddles, Secrets",sagicidal_tweet_1918300577249001727.mp4
Are You Ready to Say Goodbye to Mindless Browsing?,Discover 10 AI browsers that will revolutionize your online experience with a dash of humor and a sprinkle of mystery.,Say_goodbye_to_mindless_browsingHere_are_10_AI_browsers_you_need_to.jpg,image,"AI, Browsers, Humor, Online",Say_goodbye_to_mindless_browsingHere_are_10_AI_browsers_you_need_to.jpg
"Can You Unlock the Secret of ""Second_date_secured""?","Embark on a whimsical journey to uncover the enigma behind a date that's more than meets the eye, wrapped in a riddle of romance and mystery.",Second_date_secured.mp4,video,"Mystery, Romance, Riddle, Enigma",Second_date_secured.mp4
Is Shakira Ready for a New Musical Battlefield?,"Shakira's latest tunes are stirring up the charts, leaving fans guessing if her fiery spirit is ready to ignite a new musical competition.",Shakira_has_new_competition.mp4,video,"Shakira, Music, Mystery, Chart-Toppers",Shakira_has_new_competition.mp4
Did She Just Run Away?,A hilarious tale of a runaway attempt that never happened.,She_didn't_even_attempt_to_run_off.mp4,video,"Humor, Mystery, Misadventure",She_didn't_even_attempt_to_run_off.mp4
Does She Really Believe Chemical Reactions Happen on Her Own Schedule?,"A hilarious exploration of a woman's unconventional belief in the spontaneous nature of chemical reactions, as if they're her personal assistant.",she_really_thinks_chemical_reactions_work_on_her_own_time.mp4,video,"Chemistry, Humor, Unconventional, Belief",she_really_thinks_chemical_reactions_work_on_her_own_time.mp4
Is She a Professional Neighbor or a Secret Agent?,"Discover the hilarious tale of a woman who's always upstairs, but is she just a nosy neighbor or a spy with a penchant for privacy?",She’s_a_professional_upstairs_neighbor.mp4,video,"Mystery, Humor, Neighbor, Spy",She’s_a_professional_upstairs_neighbor.mp4
Can You Decode the Enigma of Shitpost_2077's Latest Tweet?,"Dive into the cryptic world of social media shenanigans with Shitpost_2077'0s latest tweet, a puzzle wrapped in a mystery inside an enigma.",shitpost_2077_tweet_1919263286249308552.mp4,video,"SocialMedia, Mystery, Enigma, Cryptic",shitpost_2077_tweet_1919263286249308552.mp4
Are Smartphones Without AI Still Smart?,"Dive into the quirky world where AI apps are the new black, and discover if phones sans AI can still be considered smart.",SMARTPHONES_WITHOUT_AI_ARE_NO_LONGER_SMARTHERE_ARE_18_AI_APPS_YOU.jpg,image,"AI, Smartphones, Mystery, Humor",SMARTPHONES_WITHOUT_AI_ARE_NO_LONGER_SMARTHERE_ARE_18_AI_APPS_YOU.jpg
Unveiling the Mystical Melodies of Stevens:A Tweeted Enigma,"Dive into the cryptic world of Stevens' tweets, where each note is a riddle wrapped in a mystery, and the sound of laughter echoes in the silence.",stevensongs_tweet_1919487933372899774.mp4,video,"Stevens, Tweet, Enigma, Melodies",stevensongs_tweet_1919487933372899774.mp4
Unravel the Tale of a Tuesday's Unemployed Companion,"Embark on a whimsical journey with an unemployed friend's story, filled with laughter, mystery, and the quirky charm of an ordinary afternoon.",That_one_unemployed_friend's_story_on_a_Tuesday_afternoon.mp4,video,"Humor, Mystery, Friendship, Tuesday",That_one_unemployed_friend's_story_on_a_Tuesday_afternoon.mp4
"Did ""That Scared Me for a Minute"" Leave You Shivering?","A chilling tale of a moment so brief yet intense, it left an indelible mark on your soul.",That_scared_me_for_a_minute.mp4,video,"Mystery, Thriller, Haunting, Suspense",That_scared_me_for_a_minute.mp4
"Unravel the Enigma of ""Thebestfigen_tweet_1918795202091012115""","Embark on a whimsical journey to decode the cryptic social media message hidden within ""Thebestfigen_tweet_1918795202091012115"". Will you uncover the laughter or the lore?",Thebestfigen_tweet_1918795202091012115.mp4,video,"Mystery, SocialMedia, Whimsical, Cryptic",Thebestfigen_tweet_1918795202091012115.mp4
Unveiling the Mystery of the Meme-tweet from 2021,"Dive into the enigmatic world of viral memes with a cryptic message from the past, leaving you pondering its meaning.",thedailymemes__tweet_1919428072102604813.mp4,video,"Meme, Mystery, Viral, Cryptic",thedailymemes__tweet_1919428072102604813.mp4
Who's the Sibling That Always Steals the Spotlight?,"Ever wondered who'ieves the limelight in the family drama? It's the sibling who's always in the shadows, yet somehow always center stage.",There's_always_that_one_sibling.mp4,video,"Sibling, Spotlight, Family, Mystery",There's_always_that_one_sibling.mp4
Are You a Type of Mom or a Type of Hero?,Discover the untold stories of two mommy archetypes in this hilariously candid exploration of motherhood.,There_are_two_types_of_moms.mp4,video,"Mommy, Archetypes, Humor, Discovery",There_are_two_types_of_moms.mp4
Will the Ants Uncover the Unbelievable Sight?,"In a twist of fate, ants stumble upon a spectacle that defies their tiny world's logic, leaving them in awe and a hint of disbelief.",the_ant_colony_will_never_believe_what_he_saw.mp4,video,"Ant, Discovery, Mystery, Humor",the_ant_colony_will_never_believe_what_he_saw.mp4
"Unveiling the Secrets Within ""The Details Don't Matter""","Dive into a whimsical journey where the ordinary becomes extraordinary, and the mundane transforms into a captivating enigma.",The_details_don't_matter.mp4,video,"Mystery, Whimsy, Enigma, Transformation",The_details_don't_matter.mp4
"Is ""The Last One"" Really Traumatized?",A hilarious tale unfolds as the final character in a series faces an unexpected twist of fate.,The_last_one_is_definitely_traumatized.mp4,video,"Humor, Mystery, Storytelling",The_last_one_is_definitely_traumatized.mp4
"Does ""The Math Checks Out!"" Reveal a Secret Formula?",Unearth the hilarious twist behind a mathematician's unexpected success with a quirky title.,The_math_checks_out!.mp4,video,"Math, Humor, Mystery, Success",The_math_checks_out!.mp4
Can You Attend the Class That's Always On Time?,"Join the exclusive club of punctual students, where the only class you'll miss is the one that never starts late.",The_only_class_l'll_attend_on_time.mp4,video,"Punctuality, Exclusive, Education, Mystery",The_only_class_l'll_attend_on_time.mp4
Have You Ever Seen the Weirdest Seven Things?,"Embark on a whimsical journey of peculiar discoveries, where the line between the bizarre and the mundane blurs.",The_weirdest_thing_I've_ever_seven.mp4,video,"Whimsical, Discoveries, Peculiar, Journey",The_weirdest_thing_I've_ever_seven.mp4
Is This Man A Divorce Expert?,"A man's life seems like a rollercoaster of love and breakups, with a hint of humor in his latest chapter.",This_dude_is_at_least_46_and_on_his_second_divorce.mp4,video,"divorce, humor, life, mystery",This_dude_is_at_least_46_and_on_his_second_divorce.mp4
Can You Pick the Visual That Calms the Mind?,"Dive into a whimsical journey of discovery with a visual that's hotter than a cat'Hinting at a mysterious, anxiety-reducing visual stimulus.",This_is_a_visual_stimulation_that_reduces_anxiety_attacks_You_pick_a.mp4,video,"Discovery, Whimsical, Anxiety-reducing, Visual",This_is_a_visual_stimulation_that_reduces_anxiety_attacks_You_pick_a.mp4
Can You Crack the Sparrow's Secret Code?,Unravel the mystery of the elusive sparrow with a quirky twist in this whimsical tale.,This_is_Crack_Sparrow.mp4,video,"Mystery, Whimsical, Sparrow, Code",This_is_Crack_Sparrow.mp4
What's Essentially in Your Sight?,Unveil the hidden essence of your vision with a playful twist on reality.,This_is_essentially_what_I_see.mp4,video,"Mystery, Humor",This_is_essentially_what_I_see.mp4
"Is This Secret Message Just For You, Buddy?","Unravel the mystery behind this cryptic note, a playful ploy or a heartfelt confession?",This_is_for_you_buddy.mp4,video,"Secret, Mystery, Playful, Confession",This_is_for_you_buddy.mp4
"Is ""This Is Hilarious"" the Funniest Thing You've Ever Seen?","Dive into a world of laughter with ""This Is Hilarious,"" a hilarious journey that'll leave you in stitches and wondering what's so funny.",This_is_hilarious.mp4,video,"humor, mystery, laughter, funny",This_is_hilarious.mp4
Unveiling the Mystique of Female Pelvic Anatomy,Dive into the enigmatic world of female pelvic anatomy with a humorous twist - it's not just about the 'what' but the 'how' and 'why'!,This_is_how_actual_female_pelvic_anatomy_looks_like.jpg,image,"Anatomy, Humor, Mystique, Female Pelvic",This_is_how_actual_female_pelvic_anatomy_looks_like.jpg
Unraveling the Mystery of My Unique Humor,"Dive into a world where laughter meets the unexpected, and discover the essence of a humor that's as quirky as it is captivating.",This_is_my_kind_of_humor.mp4,video,"Humor, Mystery, Unique, Discovery",This_is_my_kind_of_humor.mp4
Unraveling the Mystery of My WiFi Bills,"Ever pondered why your wifi bills are a must-pay? Dive into the whimsical world of ""This_is_why_I_pay_my_wifi_bills"" and uncover the hidden humor behind your monthly expenses.",This_is_why_I_pay_my_wifi_bills.mp4,video,"WiFi, Mystery, Humor, Expenses",This_is_why_I_pay_my_wifi_bills.mp4
Unraveling the Mystery:Why Do Women Outlive Men?,"Dive into the whimsical world of longevity as we ponder the peculiar case of women living longer than men, with a dash of humor and a sprinkle of intrigue.",This_is_why_women_live_longer_than_men.mp4,video,"Longevity, Mystery, Humor, Intrigue",This_is_why_women_live_longer_than_men.mp4
Discover the Typical Personality of Your Ideal Personal Trainer,Unravel the mystery of the quintessential personal trainer with a witty twist - are you the type they're looking for?,This_the_typa_personal_trainer_I_need.mp4,video,"Typical, Personality, Personal Trainer, Mystery",This_the_typa_personal_trainer_I_need.mp4
Why Do I Pay for the Internet When I Can Watch This?,Dive into a comedic journey of internet bills and video content that's as enlightening as it is hilarious.,This_video_is_why_I_pay_internet_for.mp4,video,"Internet, Humor, Question, Discovery",This_video_is_why_I_pay_internet_for.mp4
Will a 2-Year-Old Mock His Dad's Accent?,"A hilarious video captures a toddler'tagging his father's unique speech patterns, leaving viewers in stitches and pondering the mysteries of childhood mimicry.",This_video_of_a_2-year_old_mocking_his_dad's_accent_will_definitely.mp4,video,"Comedy, Toddler, Mimicry, Family",This_video_of_a_2-year_old_mocking_his_dad's_accent_will_definitely.mp4
Will This Video Ever Be Funny?,A never-ending quest for humor in the most unexpected places.,This_video_will_never_not_be_funny.mp4,video,"Funny, Mystery, Humor, Unexpected",This_video_will_never_not_be_funny.mp4
Are You Ready for the Ultimate Rage Bait?,"Dive into the thrilling world of ""Top-tier_rage_bait,_Do_it_again"" and discover the art of provoking passion, one laugh at a time.","Top-tier_rage_bait,_Do_it_again.mp4",video,"Rage, Bait, Thrilling, Discovery","Top-tier_rage_bait,_Do_it_again.mp4"
Unveiling the Mystery of Tweet #1919252020797579434,"Dive into the enigmatic world of a single tweet that's captivated the internet, leaving us all wondering what's behind the cryptic numbers.",VideosFolder_tweet_1919252020797579434.mp4,video,"Mystery, Internet, Cryptic, Tweet",VideosFolder_tweet_1919252020797579434.mp4
Unveiling the Mystery of Tweet 1919324798296949127,Dive into the enigmatic world of a single tweet that's got everyone talking and questioning - could it be the key to a viral sensation?,VideosFolder_tweet_1919324798296949127.mp4,video,"Mystery, Viral, Tweet, Enigma",VideosFolder_tweet_1919324798296949127.mp4
Are You Ready to Explore Vice City in Grand Theft Auto VI?,Dive into the neon-lit streets of Vice City with a trailer that promises more than just a car chase.,Watch_Grand_Theft_Auto_VI_Trailer_2_NowExplore_Vice_City_and_beyond_at.mp4,video,"Grand Theft Auto, Vice City, Trailer, Explore",Watch_Grand_Theft_Auto_VI_Trailer_2_NowExplore_Vice_City_and_beyond_at.mp4
"Unraveling the Mystery of the Enigmatic ""weirddalle_tweet""","Dive into the whimsical world of ""weirddalle_tweet,"" where every character counts in a tale of digital intrigue and social media secrets.",weirddalle_tweet_1918636660880793887.mp4,video,"Mystery, SocialMedia, Whimsical, DigitalIntrigue",weirddalle_tweet_1918636660880793887.mp4
Unraveling the Mystery of the Tweet from 1919:Who Sent It?,"A humorous journey into the past, where a tweet from 1919 baffles the present with its cryptic message and anachronistic content.",weirddalle_tweet_1919248186725785680.mp4,video,"Mystery, History, Humor, Anachronism",weirddalle_tweet_1919248186725785680.mp4
Unraveling the Mystery of Weird Dalle's Tweet,Dive into the enigmatic world of Weird Dalle's cryptic social media message that's got everyone talking and speculating.,weirddalle_tweet_1919444482375753821.mp4,video,"Mystery, SocialMedia, Speculation, Enigma",weirddalle_tweet_1919444482375753821.mp4
"Unraveling the Mystery of the Enigmatic ""weirddalle_tweet""","Dive into the whimsical world of a tweet that's as cryptic as a cat's purr, leaving us all in awe and a tad bewildered.",weirddalle_tweet_1919572826933092784.mp4,video,"Mystery, Whimsical, Cryptic, Enigma",weirddalle_tweet_1919572826933092784.mp4
What Secrets Lurk in the Shadows of Your Recent Binge?,Dive into a whimsical journey of laughter and bewilderment as you unravel the enigma of your latest cinematic indulgence.,What_did_I_just_watch.mp4,video,"Mystery, Humor, Binge, Enigma",What_did_I_just_watch.mp4
Unveiling the Paradox of Knowledge and Inaction,"Discover the irony in knowing the truth yet feeling powerless to act, a humorous take on the age-old dilemma.",When_you_know_the_truth_but_you_can't_do_nothing.mp4,video,"Irony, Paradox, Humor, Knowledge",When_you_know_the_truth_but_you_can't_do_nothing.mp4
Can Intrusive Thoughts Really Win?,"Dive into the mind-bending world of thoughts that dare to take the throne, where the line between control and surrender blurs in a hilarious psychological showdown.",When_you_let_your_intrusive_thoughts_win.mp4,video,"Thoughts, Psychology, Mind, Humor",When_you_let_your_intrusive_thoughts_win.mp4
Can You Decode the Frog'protocol?,Unravel the frog's tale with a translator that's a must-have for the curious mind.,Where's_the_frog_translator_I_need_to_know_what_really_happened.mp4,video,"Mystery, Translator, Frog, Enigma",Where's_the_frog_translator_I_need_to_know_what_really_happened.mp4
Unraveling the Mystery:Why Do Women Choose This Path?,"Dive into a hilariously enigmatic journey as we question the whimsical choices of women, one curious title at a time.",Why_do_women_do_this.mp4,video,"Mystery, Questioning, Humor, Enigma",Why_do_women_do_this.mp4
Unraveling the Mystery of Precision in the Unlikely Title,"Ever pondered why a title can be so spot-on yet baffling? Dive into the enigma wrapped in a riddle, all under the guise of a question.",Why_is_this_so_accurate_4.jpg,image,"Mystery, Precision, Enigma, Riddle",Why_is_this_so_accurate_4.jpg
Can She Hear the Greatest Word Ever?,"A woman's unique journey to uncover the sound that could change the world, one ear at a time.",woman_who_listens_to_the_great_word.mp4,video,"Discovery, Mystery, Intriguing, Sound",woman_who_listens_to_the_great_word.mp4
Unveiling the Microscopic Marvel:iPhone's 5nm CPU Die,"Dive into the tiny world of tech where the iPhone's heart beats at a 5nm scale, a marvel of miniaturization and power.",Zooming_into_an_iPhone_CPU_die_(5nm)⁽ᵛᶦᵈᵉᵒ_ᵉᵈᶦᵗᵉᵈ_ᶠᵒʳ_ᵉᵈᵘᶜᵃᵗᶦᵒⁿᵃˡ.mp4,video,"iPhone, CPU, Microscopic, Miniaturization",Zooming_into_an_iPhone_CPU_die_(5nm)⁽ᵛᶦᵈᵉᵒ_ᵉᵈᶦᵗᵉᵈ_ᶠᵒʳ_ᵉᵈᵘᶜᵃᵗᶦᵒⁿᵃˡ.mp4
Can You Ring the Infinite Lego Dominoes?,Embark on a whimsical journey of endless fun with a ring of Lego dominoes that might just keep you entertained forever.,‘Infinite’_Lego_domino_ring.mp4,video,"Lego, Infinite, Whimsical, Fun",‘Infinite’_Lego_domino_ring.mp4
Unveiling the Mystery of the Enigmatic Symbols,Embark on a whimsical journey to decode the secrets behind the perplexing symbols that have baffled many. Could these be the key to an untold story?,︎_︎.jpg,image,"Enigma, Mystery, Whimsical, Decoding",︎_︎.jpg
